mean_fit_time,std_fit_time,mean_score_time,std_score_time,param_alpha_1,param_alpha_2,param_fit_intercept,param_lambda_1,param_lambda_2,params,split0_test_score,split1_test_score,split2_test_score,split3_test_score,split4_test_score,mean_test_score,std_test_score,rank_test_score
0.015883779525756835,0.0076571839950929175,0.004497718811035156,0.0033147195869800577,1e-06,1e-06,True,1e-06,1e-06,"{'alpha_1': 1e-06, 'alpha_2': 1e-06, 'fit_intercept': True, 'lambda_1': 1e-06, 'lambda_2': 1e-06}",-1670.6608819179328,-1566.816364573919,-1778.612222500611,-1432.7828108304386,-1534.1987880097258,-1596.6142135665255,118.51625207068545,25
0.004067373275756836,0.0034209636037791694,0.002039527893066406,0.0019342496836727882,1e-06,1e-06,True,1e-06,1e-05,"{'alpha_1': 1e-06, 'alpha_2': 1e-06, 'fit_intercept': True, 'lambda_1': 1e-06, 'lambda_2': 1e-05}",-1670.6608819182006,-1566.816364573865,-1778.6122225004754,-1432.7828108304873,-1534.1987880095926,-1596.6142135665243,118.51625207068054,24
0.0037163257598876952,0.0006312350705201816,0.001396942138671875,0.0008042385947513645,1e-06,1e-06,True,1e-06,0.0001,"{'alpha_1': 1e-06, 'alpha_2': 1e-06, 'fit_intercept': True, 'lambda_1': 1e-06, 'lambda_2': 0.0001}",-1670.6608819208784,-1566.8163645733252,-1778.612222499116,-1432.7828108309745,-1534.1987880082477,-1596.6142135665084,118.5162520706317,20
0.006765174865722656,0.003129609505861008,0.002297496795654297,0.0013231055972178442,1e-06,1e-06,True,1e-05,1e-06,"{'alpha_1': 1e-06, 'alpha_2': 1e-06, 'fit_intercept': True, 'lambda_1': 1e-05, 'lambda_2': 1e-06}",-1670.660878747927,-1566.8163652014366,-1778.6122240762566,-1432.7828102606754,-1534.1987895691354,-1596.6142135710863,118.51625212021654,52
0.004717350006103516,0.0006370993772524031,0.0020773887634277345,0.00030048560078598175,1e-06,1e-06,True,1e-05,1e-05,"{'alpha_1': 1e-06, 'alpha_2': 1e-06, 'fit_intercept': True, 'lambda_1': 1e-05, 'lambda_2': 1e-05}",-1670.6608787481925,-1566.816365201383,-1778.6122240761224,-1432.7828102607239,-1534.1987895690013,-1596.6142135710845,118.51625212021194,49
0.0032573223114013674,0.0017855711639713865,0.0011571884155273438,0.0012844167479098053,1e-06,1e-06,True,1e-05,0.0001,"{'alpha_1': 1e-06, 'alpha_2': 1e-06, 'fit_intercept': True, 'lambda_1': 1e-05, 'lambda_2': 0.0001}",-1670.6608787508692,-1566.8163652008434,-1778.612224074765,-1432.782810261211,-1534.1987895676573,-1596.6142135710693,118.51625212016357,47
0.0032327651977539064,0.0012485203920024487,0.002345371246337891,0.0009205323419106408,1e-06,1e-06,True,0.0001,1e-06,"{'alpha_1': 1e-06, 'alpha_2': 1e-06, 'fit_intercept': True, 'lambda_1': 0.0001, 'lambda_2': 1e-06}",-1670.6608470478495,-1566.816371476621,-1778.6122398327354,-1432.782804563047,-1534.1988051632306,-1596.6142136166968,118.51625261553254,79
0.009873914718627929,0.001766787790928569,0.0017366886138916015,0.002989718820068961,1e-06,1e-06,True,0.0001,1e-05,"{'alpha_1': 1e-06, 'alpha_2': 1e-06, 'fit_intercept': True, 'lambda_1': 0.0001, 'lambda_2': 1e-05}",-1670.6608470481174,-1566.8163714765672,-1778.6122398326004,-1432.7828045630956,-1534.1988051630956,-1596.6142136166952,118.516252615528,76
0.003289937973022461,0.0014805973669239868,0.0022658824920654295,0.002179949643483099,1e-06,1e-06,True,0.0001,0.0001,"{'alpha_1': 1e-06, 'alpha_2': 1e-06, 'fit_intercept': True, 'lambda_1': 0.0001, 'lambda_2': 0.0001}",-1670.6608470507945,-1566.8163714760287,-1778.6122398312411,-1432.7828045635824,-1534.1988051617514,-1596.6142136166795,118.51625261547916,73
0.003810739517211914,0.0007072523026914577,0.0014460563659667968,0.0009813053773769565,1e-06,1e-06,False,1e-06,1e-06,"{'alpha_1': 1e-06, 'alpha_2': 1e-06, 'fit_intercept': False, 'lambda_1': 1e-06, 'lambda_2': 1e-06}",-834748.328364282,-833719.6515378699,-824447.5614328048,-823986.6308069896,-835997.4786396568,-830579.9301563206,5247.1090709882465,106
0.0041792869567871095,0.0037165591924189076,0.0027080059051513674,0.005416011810302735,1e-06,1e-06,False,1e-06,1e-05,"{'alpha_1': 1e-06, 'alpha_2': 1e-06, 'fit_intercept': False, 'lambda_1': 1e-06, 'lambda_2': 1e-05}",-834748.3283650894,-833719.6515362151,-824447.5614333663,-823986.6308077878,-835997.4786375565,-830579.930156003,5247.10907015296,103
0.00874190330505371,0.002541996579742271,0.0006536006927490235,0.0005352157696708355,1e-06,1e-06,False,1e-06,0.0001,"{'alpha_1': 1e-06, 'alpha_2': 1e-06, 'fit_intercept': False, 'lambda_1': 1e-06, 'lambda_2': 0.0001}",-834748.3283731629,-833719.6515196665,-824447.5614389821,-823986.630815769,-835997.4786165527,-830579.9301528267,5247.109061799605,100
0.0060446739196777345,0.0020992757346669304,0.0009039402008056641,0.0018078804016113282,1e-06,1e-06,False,1e-05,1e-06,"{'alpha_1': 1e-06, 'alpha_2': 1e-06, 'fit_intercept': False, 'lambda_1': 1e-05, 'lambda_2': 1e-06}",-834748.3189593863,-833719.6673656348,-824447.555010483,-823986.6214021986,-835997.4981253722,-830579.9321726148,5247.117359328233,133
0.0033782482147216796,0.004825347570024132,0.003207540512084961,0.004234773189970663,1e-06,1e-06,False,1e-05,1e-05,"{'alpha_1': 1e-06, 'alpha_2': 1e-06, 'fit_intercept': False, 'lambda_1': 1e-05, 'lambda_2': 1e-05}",-834748.3189601937,-833719.6673639802,-824447.5550110447,-823986.6214029968,-835997.4981232719,-830579.9321722974,5247.117358492866,130
0.005313730239868164,0.003893421785436835,0.0023885726928710937,0.002957090043522995,1e-06,1e-06,False,1e-05,0.0001,"{'alpha_1': 1e-06, 'alpha_2': 1e-06, 'fit_intercept': False, 'lambda_1': 1e-05, 'lambda_2': 0.0001}",-834748.3189682674,-833719.6673474314,-824447.5550166605,-823986.6214109778,-835997.4981022679,-830579.932169121,5247.117350139562,127
0.009260177612304688,0.0026979363609219266,0.003625631332397461,0.003888188309757879,1e-06,1e-06,False,0.0001,1e-06,"{'alpha_1': 1e-06, 'alpha_2': 1e-06, 'fit_intercept': False, 'lambda_1': 0.0001, 'lambda_2': 1e-06}",-834748.2249114607,-833719.8256448999,-824447.490788192,-823986.5273548492,-835997.6929847236,-830579.952336825,5247.2002441972545,160
0.00883626937866211,0.004681305379984319,0.0016068458557128907,0.001967976220901192,1e-06,1e-06,False,0.0001,1e-05,"{'alpha_1': 1e-06, 'alpha_2': 1e-06, 'fit_intercept': False, 'lambda_1': 0.0001, 'lambda_2': 1e-05}",-834748.224912268,-833719.825643245,-824447.4907887537,-823986.5273556473,-835997.692982623,-830579.9523365074,5247.200243361822,157
0.002574634552001953,0.002117591941031143,0.002794218063354492,0.004634461686250263,1e-06,1e-06,False,0.0001,0.0001,"{'alpha_1': 1e-06, 'alpha_2': 1e-06, 'fit_intercept': False, 'lambda_1': 0.0001, 'lambda_2': 0.0001}",-834748.224920342,-833719.8256266951,-824447.4907943697,-823986.5273636287,-835997.6929616178,-830579.9523333306,5247.200235007821,154
0.0037809371948242187,0.003727793861200196,0.0,0.0,1e-06,1e-05,True,1e-06,1e-06,"{'alpha_1': 1e-06, 'alpha_2': 1e-05, 'fit_intercept': True, 'lambda_1': 1e-06, 'lambda_2': 1e-06}",-1670.6608819179132,-1566.8163645739223,-1778.6122225006216,-1432.7828108304343,-1534.1987880097356,-1596.6142135665255,118.51625207068624,25
0.0031622886657714845,0.00340637338586504,0.002019023895263672,0.00352209185795275,1e-06,1e-05,True,1e-06,1e-05,"{'alpha_1': 1e-06, 'alpha_2': 1e-05, 'fit_intercept': True, 'lambda_1': 1e-06, 'lambda_2': 1e-05}",-1670.66088191818,-1566.8163645738682,-1778.612222500485,-1432.7828108304834,-1534.1987880096017,-1596.6142135665236,118.51625207068084,22
0.0011672019958496095,0.0018417354447839245,0.004759359359741211,0.004270197704227293,1e-06,1e-05,True,1e-06,0.0001,"{'alpha_1': 1e-06, 'alpha_2': 1e-05, 'fit_intercept': True, 'lambda_1': 1e-06, 'lambda_2': 0.0001}",-1670.6608819208575,-1566.8163645733302,-1778.6122224991268,-1432.78281083097,-1534.1987880082565,-1596.6142135665082,118.5162520706325,19
0.003955984115600586,0.004563413187770559,0.0012217998504638673,0.001948225695691423,1e-06,1e-05,True,1e-05,1e-06,"{'alpha_1': 1e-06, 'alpha_2': 1e-05, 'fit_intercept': True, 'lambda_1': 1e-05, 'lambda_2': 1e-06}",-1670.6608787479074,-1566.8163652014412,-1778.6122240762681,-1432.7828102606716,-1534.1987895691457,-1596.6142135710868,118.51625212021742,53
0.005246734619140625,0.0061990713193622125,0.00380854606628418,0.004675557422838755,1e-06,1e-05,True,1e-05,1e-05,"{'alpha_1': 1e-06, 'alpha_2': 1e-05, 'fit_intercept': True, 'lambda_1': 1e-05, 'lambda_2': 1e-05}",-1670.6608787481734,-1566.8163652013875,-1778.6122240761324,-1432.782810260721,-1534.1987895690115,-1596.6142135710852,118.51625212021216,51
0.003011322021484375,0.004013052420120828,0.004135608673095703,0.0060779668898975235,1e-06,1e-05,True,1e-05,0.0001,"{'alpha_1': 1e-06, 'alpha_2': 1e-05, 'fit_intercept': True, 'lambda_1': 1e-05, 'lambda_2': 0.0001}",-1670.660878750849,-1566.816365200848,-1778.6122240747745,-1432.7828102612073,-1534.1987895676657,-1596.614213571069,118.51625212016386,46
0.006141519546508789,0.007524142607206421,0.0,0.0,1e-06,1e-05,True,0.0001,1e-06,"{'alpha_1': 1e-06, 'alpha_2': 1e-05, 'fit_intercept': True, 'lambda_1': 0.0001, 'lambda_2': 1e-06}",-1670.6608470478309,-1566.8163714766251,-1778.6122398327448,-1432.7828045630451,-1534.1988051632409,-1596.6142136166973,118.5162526155323,81
0.007429885864257813,0.006387095361572734,0.0007660388946533203,0.0012920651033173681,1e-06,1e-05,True,0.0001,1e-05,"{'alpha_1': 1e-06, 'alpha_2': 1e-05, 'fit_intercept': True, 'lambda_1': 0.0001, 'lambda_2': 1e-05}",-1670.6608470480978,-1566.8163714765712,-1778.6122398326092,-1432.7828045630924,-1534.1988051631063,-1596.6142136166955,118.51625261552783,78
0.0018473625183105468,0.0015400427983852456,0.0008804798126220703,0.0010963194966482773,1e-06,1e-05,True,0.0001,0.0001,"{'alpha_1': 1e-06, 'alpha_2': 1e-05, 'fit_intercept': True, 'lambda_1': 0.0001, 'lambda_2': 0.0001}",-1670.6608470507751,-1566.816371476032,-1778.6122398312507,-1432.7828045635802,-1534.198805161762,-1596.6142136166798,118.516252615479,74
0.006404209136962891,0.005906474198403587,0.0003029346466064453,0.0006058692932128906,1e-06,1e-05,False,1e-06,1e-06,"{'alpha_1': 1e-06, 'alpha_2': 1e-05, 'fit_intercept': False, 'lambda_1': 1e-06, 'lambda_2': 1e-06}",-834748.3283642819,-833719.6515378702,-824447.5614328047,-823986.6308069896,-835997.478639657,-830579.9301563207,5247.109070988331,107
0.001486349105834961,0.001831092538541736,0.0032135486602783204,0.0052611305072846025,1e-06,1e-05,False,1e-06,1e-05,"{'alpha_1': 1e-06, 'alpha_2': 1e-05, 'fit_intercept': False, 'lambda_1': 1e-06, 'lambda_2': 1e-05}",-834748.3283650894,-833719.6515362153,-824447.5614333663,-823986.6308077875,-835997.4786375567,-830579.930156003,5247.10907015307,103
0.006465625762939453,0.00700586183909839,0.0,0.0,1e-06,1e-05,False,1e-06,0.0001,"{'alpha_1': 1e-06, 'alpha_2': 1e-05, 'fit_intercept': False, 'lambda_1': 1e-06, 'lambda_2': 0.0001}",-834748.3283731628,-833719.6515196667,-824447.5614389821,-823986.630815769,-835997.4786165529,-830579.9301528267,5247.109061799648,100
0.005962896347045899,0.007352999350012536,0.005845308303833008,0.007190284002094665,1e-06,1e-05,False,1e-05,1e-06,"{'alpha_1': 1e-06, 'alpha_2': 1e-05, 'fit_intercept': False, 'lambda_1': 1e-05, 'lambda_2': 1e-06}",-834748.3189593863,-833719.667365635,-824447.555010483,-823986.6214021984,-835997.4981253723,-830579.9321726151,5247.117359328314,134
0.004039764404296875,0.003781576869370009,0.0,0.0,1e-06,1e-05,False,1e-05,1e-05,"{'alpha_1': 1e-06, 'alpha_2': 1e-05, 'fit_intercept': False, 'lambda_1': 1e-05, 'lambda_2': 1e-05}",-834748.3189601935,-833719.6673639802,-824447.5550110447,-823986.6214029966,-835997.4981232719,-830579.9321722974,5247.117358492906,130
0.004266786575317383,0.006310525833751664,0.003025054931640625,0.00403991165153936,1e-06,1e-05,False,1e-05,0.0001,"{'alpha_1': 1e-06, 'alpha_2': 1e-05, 'fit_intercept': False, 'lambda_1': 1e-05, 'lambda_2': 0.0001}",-834748.3189682672,-833719.6673474314,-824447.5550166605,-823986.6214109778,-835997.4981022683,-830579.932169121,5247.1173501396215,127
0.01203017234802246,0.008740178804782424,0.003126049041748047,0.004094362289732145,1e-06,1e-05,False,0.0001,1e-06,"{'alpha_1': 1e-06, 'alpha_2': 1e-05, 'fit_intercept': False, 'lambda_1': 0.0001, 'lambda_2': 1e-06}",-834748.2249114607,-833719.8256449,-824447.490788192,-823986.5273548492,-835997.6929847238,-830579.9523368252,5247.200244197316,161
0.006041860580444336,0.003762568548154909,0.00032749176025390623,0.0006549835205078125,1e-06,1e-05,False,0.0001,1e-05,"{'alpha_1': 1e-06, 'alpha_2': 1e-05, 'fit_intercept': False, 'lambda_1': 0.0001, 'lambda_2': 1e-05}",-834748.224912268,-833719.825643245,-824447.4907887536,-823986.5273556471,-835997.6929826232,-830579.9523365074,5247.2002433619555,157
0.013967752456665039,0.01054707892361015,0.0,0.0,1e-06,1e-05,False,0.0001,0.0001,"{'alpha_1': 1e-06, 'alpha_2': 1e-05, 'fit_intercept': False, 'lambda_1': 0.0001, 'lambda_2': 0.0001}",-834748.2249203417,-833719.8256266953,-824447.4907943696,-823986.5273636287,-835997.6929616181,-830579.9523333308,5247.200235007887,155
0.0028750419616699217,0.003963954765609225,0.0043601512908935545,0.005363452431135095,1e-06,0.0001,True,1e-06,1e-06,"{'alpha_1': 1e-06, 'alpha_2': 0.0001, 'fit_intercept': True, 'lambda_1': 1e-06, 'lambda_2': 1e-06}",-1670.6608819177154,-1566.8163645739614,-1778.6122225007218,-1432.7828108304004,-1534.1987880098313,-1596.6142135665261,118.51625207068962,27
0.006052970886230469,0.003774462240653877,0.0,0.0,1e-06,0.0001,True,1e-06,1e-05,"{'alpha_1': 1e-06, 'alpha_2': 0.0001, 'fit_intercept': True, 'lambda_1': 1e-06, 'lambda_2': 1e-05}",-1670.6608819179824,-1566.8163645739066,-1778.612222500585,-1432.782810830449,-1534.1987880096965,-1596.6142135665239,118.51625207068444,23
0.0020218849182128905,0.004043769836425782,0.007239866256713867,0.005422878937915508,1e-06,0.0001,True,1e-06,0.0001,"{'alpha_1': 1e-06, 'alpha_2': 0.0001, 'fit_intercept': True, 'lambda_1': 1e-06, 'lambda_2': 0.0001}",-1670.660881920658,-1566.8163645733684,-1778.6122224992268,-1432.7828108309354,-1534.1987880083532,-1596.6142135665084,118.51625207063576,20
0.007235193252563476,0.00628970052818528,0.0,0.0,1e-06,0.0001,True,1e-05,1e-06,"{'alpha_1': 1e-06, 'alpha_2': 0.0001, 'fit_intercept': True, 'lambda_1': 1e-05, 'lambda_2': 1e-06}",-1670.6608787477085,-1566.8163652014791,-1778.6122240763693,-1432.7828102606368,-1534.1987895692414,-1596.614213571087,118.51625212022127,54
0.006052970886230469,0.003774462240653877,0.0,0.0,1e-06,0.0001,True,1e-05,1e-05,"{'alpha_1': 1e-06, 'alpha_2': 0.0001, 'fit_intercept': True, 'lambda_1': 1e-05, 'lambda_2': 1e-05}",-1670.6608787479727,-1566.816365201425,-1778.6122240762336,-1432.782810260686,-1534.1987895691063,-1596.6142135710847,118.51625212021594,50
0.005166101455688477,0.005858698584832579,0.0043601512908935545,0.005363452431135095,1e-06,0.0001,True,1e-05,0.0001,"{'alpha_1': 1e-06, 'alpha_2': 0.0001, 'fit_intercept': True, 'lambda_1': 1e-05, 'lambda_2': 0.0001}",-1670.6608787506498,-1566.8163652008866,-1778.6122240748746,-1432.7828102611727,-1534.1987895677623,-1596.6142135710693,118.51625212016714,47
0.0049340248107910155,0.004509067169812783,0.0017418861389160156,0.0022572486752837355,1e-06,0.0001,True,0.0001,1e-06,"{'alpha_1': 1e-06, 'alpha_2': 0.0001, 'fit_intercept': True, 'lambda_1': 0.0001, 'lambda_2': 1e-06}",-1670.6608470476303,-1566.8163714766642,-1778.6122398328455,-1432.7828045630094,-1534.1988051633348,-1596.6142136166968,118.51625261553619,79
0.009550094604492188,0.010805620404778647,0.0015429019927978515,0.003085803985595703,1e-06,0.0001,True,0.0001,1e-05,"{'alpha_1': 1e-06, 'alpha_2': 0.0001, 'fit_intercept': True, 'lambda_1': 0.0001, 'lambda_2': 1e-05}",-1670.6608470478989,-1566.8163714766088,-1778.61223983271,-1432.7828045630588,-1534.198805163201,-1596.6142136166952,118.51625261553134,76
0.0032294750213623046,0.003192599983335971,0.0030539512634277345,0.004679492218254146,1e-06,0.0001,True,0.0001,0.0001,"{'alpha_1': 1e-06, 'alpha_2': 0.0001, 'fit_intercept': True, 'lambda_1': 0.0001, 'lambda_2': 0.0001}",-1670.6608470505748,-1566.8163714760703,-1778.6122398313523,-1432.7828045635451,-1534.1988051618569,-1596.61421361668,118.51625261548295,75
0.004897642135620117,0.006158957745845051,0.0,0.0,1e-06,0.0001,False,1e-06,1e-06,"{'alpha_1': 1e-06, 'alpha_2': 0.0001, 'fit_intercept': False, 'lambda_1': 1e-06, 'lambda_2': 1e-06}",-834748.3283642809,-833719.6515378717,-824447.5614328041,-823986.6308069886,-835997.478639659,-830579.9301563208,5247.109070989153,108
0.007098150253295898,0.0038780889969784104,0.0,0.0,1e-06,0.0001,False,1e-06,1e-05,"{'alpha_1': 1e-06, 'alpha_2': 0.0001, 'fit_intercept': False, 'lambda_1': 1e-06, 'lambda_2': 1e-05}",-834748.3283650883,-833719.6515362168,-824447.5614333656,-823986.6308077868,-835997.4786375586,-830579.9301560033,5247.109070153833,105
0.003253459930419922,0.005174803175311016,0.0031855106353759766,0.0039959596728886965,1e-06,0.0001,False,1e-06,0.0001,"{'alpha_1': 1e-06, 'alpha_2': 0.0001, 'fit_intercept': False, 'lambda_1': 1e-06, 'lambda_2': 0.0001}",-834748.328373162,-833719.6515196682,-824447.5614389816,-823986.6308157678,-835997.4786165549,-830579.9301528268,5247.109061800536,102
0.0055353641510009766,0.005771728472825683,0.0,0.0,1e-06,0.0001,False,1e-05,1e-06,"{'alpha_1': 1e-06, 'alpha_2': 0.0001, 'fit_intercept': False, 'lambda_1': 1e-05, 'lambda_2': 1e-06}",-834748.3189593853,-833719.6673656366,-824447.5550104824,-823986.6214021975,-835997.4981253743,-830579.9321726153,5247.117359329107,135
0.005152463912963867,0.005114833131438809,0.0028190135955810545,0.004696291877280168,1e-06,0.0001,False,1e-05,1e-05,"{'alpha_1': 1e-06, 'alpha_2': 0.0001, 'fit_intercept': False, 'lambda_1': 1e-05, 'lambda_2': 1e-05}",-834748.3189601927,-833719.6673639817,-824447.555011044,-823986.6214029957,-835997.4981232737,-830579.9321722976,5247.117358493739,132
0.004777002334594727,0.005918329531708316,0.001661968231201172,0.0016941803284677153,1e-06,0.0001,False,1e-05,0.0001,"{'alpha_1': 1e-06, 'alpha_2': 0.0001, 'fit_intercept': False, 'lambda_1': 1e-05, 'lambda_2': 0.0001}",-834748.3189682661,-833719.667347433,-824447.5550166599,-823986.6214109767,-835997.4981022701,-830579.9321691212,5247.117350140409,129
0.007051610946655273,0.0058115530467079375,0.0,0.0,1e-06,0.0001,False,0.0001,1e-06,"{'alpha_1': 1e-06, 'alpha_2': 0.0001, 'fit_intercept': False, 'lambda_1': 0.0001, 'lambda_2': 1e-06}",-834748.2249114597,-833719.8256449016,-824447.4907881913,-823986.527354848,-835997.6929847256,-830579.9523368252,5247.20024419818,161
0.0073587894439697266,0.005980149991443655,0.0008092403411865234,0.0010402631444788822,1e-06,0.0001,False,0.0001,1e-05,"{'alpha_1': 1e-06, 'alpha_2': 0.0001, 'fit_intercept': False, 'lambda_1': 0.0001, 'lambda_2': 1e-05}",-834748.2249122671,-833719.8256432468,-824447.4907887529,-823986.5273556462,-835997.6929826252,-830579.9523365076,5247.200243362793,159
0.0038155555725097657,0.0029990846494820237,0.0024324893951416016,0.003176324225600062,1e-06,0.0001,False,0.0001,0.0001,"{'alpha_1': 1e-06, 'alpha_2': 0.0001, 'fit_intercept': False, 'lambda_1': 0.0001, 'lambda_2': 0.0001}",-834748.2249203408,-833719.8256266968,-824447.4907943689,-823986.5273636278,-835997.69296162,-830579.9523333309,5247.200235008727,156
0.005553817749023438,0.005954801871035465,0.0007222175598144531,0.0009269807367682351,1e-05,1e-06,True,1e-06,1e-06,"{'alpha_1': 1e-05, 'alpha_2': 1e-06, 'fit_intercept': True, 'lambda_1': 1e-06, 'lambda_2': 1e-06}",-1670.6608819488024,-1566.8163645678073,-1778.6122224852681,-1432.782810835978,-1534.1987879945666,-1596.6142135664845,118.51625207020314,17
0.005935239791870117,0.005616271271318174,0.0,0.0,1e-05,1e-06,True,1e-06,1e-05,"{'alpha_1': 1e-05, 'alpha_2': 1e-06, 'fit_intercept': True, 'lambda_1': 1e-06, 'lambda_2': 1e-05}",-1670.6608819490705,-1566.8163645677535,-1778.6122224851313,-1432.7828108360263,-1534.1987879944318,-1596.6142135664827,118.5162520701981,14
0.004415750503540039,0.005826473614619076,0.0020734310150146485,0.003314431403498687,1e-05,1e-06,True,1e-06,0.0001,"{'alpha_1': 1e-05, 'alpha_2': 1e-06, 'fit_intercept': True, 'lambda_1': 1e-06, 'lambda_2': 0.0001}",-1670.6608819517458,-1566.8163645672141,-1778.6122224837734,-1432.7828108365118,-1534.1987879930869,-1596.6142135664663,118.51625207014993,10
0.003122901916503906,0.006245803833007812,0.003125,0.00625,1e-05,1e-06,True,1e-05,1e-06,"{'alpha_1': 1e-05, 'alpha_2': 1e-06, 'fit_intercept': True, 'lambda_1': 1e-05, 'lambda_2': 1e-06}",-1670.6608787787939,-1566.8163651953266,-1778.6122240609152,-1432.7828102662145,-1534.198789553975,-1596.614213571045,118.51625211973445,43
0.006501245498657227,0.007971847050345706,0.001837158203125,0.00367431640625,1e-05,1e-06,True,1e-05,1e-05,"{'alpha_1': 1e-05, 'alpha_2': 1e-06, 'fit_intercept': True, 'lambda_1': 1e-05, 'lambda_2': 1e-05}",-1670.6608787790624,-1566.8163651952723,-1778.6122240607795,-1432.782810266263,-1534.1987895538414,-1596.6142135710436,118.51625211972976,40
0.006693267822265625,0.00498425247291731,0.0002002716064453125,0.000400543212890625,1e-05,1e-06,True,1e-05,0.0001,"{'alpha_1': 1e-05, 'alpha_2': 1e-06, 'fit_intercept': True, 'lambda_1': 1e-05, 'lambda_2': 0.0001}",-1670.6608787817386,-1566.8163651947336,-1778.612224059421,-1432.78281026675,-1534.1987895524956,-1596.6142135710274,118.51625211968108,37
0.0,0.0,0.003122901916503906,0.006245803833007812,1e-05,1e-06,True,0.0001,1e-06,"{'alpha_1': 1e-05, 'alpha_2': 1e-06, 'fit_intercept': True, 'lambda_1': 0.0001, 'lambda_2': 1e-06}",-1670.6608470787194,-1566.8163714705097,-1778.612239817391,-1432.782804568587,-1534.19880514807,-1596.6142136166554,118.51625261504968,70
0.008335685729980469,0.007288597917281844,0.00035881996154785156,0.0007176399230957031,1e-05,1e-06,True,0.0001,1e-05,"{'alpha_1': 1e-05, 'alpha_2': 1e-06, 'fit_intercept': True, 'lambda_1': 0.0001, 'lambda_2': 1e-05}",-1670.660847078986,-1566.8163714704558,-1778.6122398172558,-1432.7828045686344,-1534.1988051479352,-1596.6142136166534,118.5162526150453,67
0.0025337696075439452,0.0032020244024127532,0.003007841110229492,0.004858498209671358,1e-05,1e-06,True,0.0001,0.0001,"{'alpha_1': 1e-05, 'alpha_2': 1e-06, 'fit_intercept': True, 'lambda_1': 0.0001, 'lambda_2': 0.0001}",-1670.660847081664,-1566.8163714699172,-1778.6122398158961,-1432.7828045691224,-1534.1988051465908,-1596.614213616638,118.51625261499613,64
0.006258487701416016,0.007665076950980843,0.0,0.0,1e-05,1e-06,False,1e-06,1e-06,"{'alpha_1': 1e-05, 'alpha_2': 1e-06, 'fit_intercept': False, 'lambda_1': 1e-06, 'lambda_2': 1e-06}",-834748.3284452931,-833719.6514048042,-824447.5614879285,-823986.6308877795,-835997.4784767543,-830579.9301405118,5247.109001108012,97
0.00955820083618164,0.007811088603032247,6.804466247558593e-05,0.00013608932495117186,1e-05,1e-06,False,1e-06,1e-05,"{'alpha_1': 1e-05, 'alpha_2': 1e-06, 'fit_intercept': False, 'lambda_1': 1e-06, 'lambda_2': 1e-05}",-834748.3284461006,-833719.6514031494,-824447.5614884901,-823986.6308885778,-835997.478474654,-830579.9301401945,5247.109000272689,95
0.0062106609344482425,0.004000916008731858,0.0007026195526123047,0.0006036121099737172,1e-05,1e-06,False,1e-06,0.0001,"{'alpha_1': 1e-05, 'alpha_2': 1e-06, 'fit_intercept': False, 'lambda_1': 1e-06, 'lambda_2': 0.0001}",-834748.3284541741,-833719.6513866008,-824447.561494106,-823986.6308965589,-835997.4784536504,-830579.9301370181,5247.10899191941,92
0.006258487701416016,0.007665076950980843,0.003125,0.00625,1e-05,1e-06,False,1e-05,1e-06,"{'alpha_1': 1e-05, 'alpha_2': 1e-06, 'fit_intercept': False, 'lambda_1': 1e-05, 'lambda_2': 1e-06}",-834748.3190403974,-833719.6672325686,-824447.5550656068,-823986.6214829887,-835997.4979624689,-830579.9321568061,5247.117289447533,124
0.0053236961364746095,0.006684531285044865,0.003704690933227539,0.006457800347949154,1e-05,1e-06,False,1e-05,1e-05,"{'alpha_1': 1e-05, 'alpha_2': 1e-06, 'fit_intercept': False, 'lambda_1': 1e-05, 'lambda_2': 1e-05}",-834748.3190412049,-833719.6672309136,-824447.5550661684,-823986.6214837868,-835997.4979603686,-830579.9321564885,5247.117288612223,122
0.005732059478759766,0.005909219871279327,0.00039925575256347654,0.0004889864411380789,1e-05,1e-06,False,1e-05,0.0001,"{'alpha_1': 1e-05, 'alpha_2': 1e-06, 'fit_intercept': False, 'lambda_1': 1e-05, 'lambda_2': 0.0001}",-834748.3190492785,-833719.6672143649,-824447.5550717843,-823986.621491768,-835997.4979393646,-830579.932153312,5247.117280258815,118
0.006258487701416016,0.007665076950980843,0.0,0.0,1e-05,1e-06,False,0.0001,1e-06,"{'alpha_1': 1e-05, 'alpha_2': 1e-06, 'fit_intercept': False, 'lambda_1': 0.0001, 'lambda_2': 1e-06}",-834748.2249924729,-833719.8255118271,-824447.490843316,-823986.5274356409,-835997.6928218122,-830579.9523210138,5247.200174312301,151
0.006498527526855469,0.007968732951665504,0.004964876174926758,0.006413957782824155,1e-05,1e-06,False,0.0001,1e-05,"{'alpha_1': 1e-05, 'alpha_2': 1e-06, 'fit_intercept': False, 'lambda_1': 0.0001, 'lambda_2': 1e-05}",-834748.2249932801,-833719.8255101722,-824447.4908438777,-823986.5274364388,-835997.6928197116,-830579.9523206961,5247.200173476895,148
0.005826759338378906,0.005685859303305518,0.0009065628051757813,0.0009266261745051155,1e-05,1e-06,False,0.0001,0.0001,"{'alpha_1': 1e-05, 'alpha_2': 1e-06, 'fit_intercept': False, 'lambda_1': 0.0001, 'lambda_2': 0.0001}",-834748.225001354,-833719.8254936222,-824447.4908494937,-823986.5274444203,-835997.6927987066,-830579.9523175193,5247.2001651229,145
0.0,0.0,0.003122901916503906,0.006245803833007812,1e-05,1e-05,True,1e-06,1e-06,"{'alpha_1': 1e-05, 'alpha_2': 1e-05, 'fit_intercept': True, 'lambda_1': 1e-06, 'lambda_2': 1e-06}",-1670.6608819487815,-1566.816364567812,-1778.612222485278,-1432.7828108359745,-1534.1987879945757,-1596.6142135664843,118.51625207020328,16
0.006498527526855469,0.007968732951665504,0.00512089729309082,0.006523291232448943,1e-05,1e-05,True,1e-06,1e-05,"{'alpha_1': 1e-05, 'alpha_2': 1e-05, 'fit_intercept': True, 'lambda_1': 1e-06, 'lambda_2': 1e-05}",-1670.6608819490502,-1566.8163645677582,-1778.6122224851424,-1432.7828108360213,-1534.1987879944413,-1596.6142135664825,118.51625207019914,13
0.002404928207397461,0.001202476019841398,0.004328393936157226,0.0064336708136157215,1e-05,1e-05,True,1e-06,0.0001,"{'alpha_1': 1e-05, 'alpha_2': 1e-05, 'fit_intercept': True, 'lambda_1': 1e-06, 'lambda_2': 0.0001}",-1670.6608819517262,-1566.8163645672187,-1778.6122224837832,-1432.782810836509,-1534.1987879930969,-1596.6142135664668,118.51625207014997,11
0.006252717971801758,0.007657985474050327,0.0,0.0,1e-05,1e-05,True,1e-05,1e-06,"{'alpha_1': 1e-05, 'alpha_2': 1e-05, 'fit_intercept': True, 'lambda_1': 1e-05, 'lambda_2': 1e-06}",-1670.6608787787743,-1566.8163651953307,-1778.612224060925,-1432.782810266212,-1534.1987895539842,-1596.6142135710452,118.51625211973455,44
0.005437231063842774,0.005873863678699397,0.0024374961853027345,0.0033963276435870636,1e-05,1e-05,True,1e-05,1e-05,"{'alpha_1': 1e-05, 'alpha_2': 1e-05, 'fit_intercept': True, 'lambda_1': 1e-05, 'lambda_2': 1e-05}",-1670.6608787790426,-1566.816365195276,-1778.612224060789,-1432.7828102662604,-1534.19878955385,-1596.6142135710438,118.5162521197298,42
0.0033046245574951173,0.0056620164884563316,0.00414433479309082,0.006560315466799599,1e-05,1e-05,True,1e-05,0.0001,"{'alpha_1': 1e-05, 'alpha_2': 1e-05, 'fit_intercept': True, 'lambda_1': 1e-05, 'lambda_2': 0.0001}",-1670.6608787817192,-1566.816365194737,-1778.6122240594304,-1432.7828102667474,-1534.1987895525049,-1596.6142135710277,118.51625211968116,38
0.00920414924621582,0.007591351554508102,0.0,0.0,1e-05,1e-05,True,0.0001,1e-06,"{'alpha_1': 1e-05, 'alpha_2': 1e-05, 'fit_intercept': True, 'lambda_1': 0.0001, 'lambda_2': 1e-06}",-1670.660847078701,-1566.8163714705133,-1778.6122398174014,-1432.782804568584,-1534.1988051480791,-1596.614213616656,118.51625261505026,71
0.004102754592895508,0.004142454201383978,0.0011983394622802734,0.0007482534004295107,1e-05,1e-05,True,0.0001,1e-05,"{'alpha_1': 1e-05, 'alpha_2': 1e-05, 'fit_intercept': True, 'lambda_1': 0.0001, 'lambda_2': 1e-05}",-1670.6608470789677,-1566.8163714704606,-1778.612239817266,-1432.7828045686317,-1534.1988051479452,-1596.614213616654,118.5162526150456,68
0.0008116722106933594,0.0010563764415100693,0.005607318878173828,0.006874922151998551,1e-05,1e-05,True,0.0001,0.0001,"{'alpha_1': 1e-05, 'alpha_2': 1e-05, 'fit_intercept': True, 'lambda_1': 0.0001, 'lambda_2': 0.0001}",-1670.6608470816452,-1566.816371469921,-1778.6122398159064,-1432.7828045691194,-1534.198805146601,-1596.6142136166386,118.51625261499646,65
0.0013018131256103515,0.0016026919693322476,0.0037409782409667967,0.00601998639833626,1e-05,1e-05,False,1e-06,1e-06,"{'alpha_1': 1e-05, 'alpha_2': 1e-05, 'fit_intercept': False, 'lambda_1': 1e-06, 'lambda_2': 1e-06}",-834748.3284452929,-833719.6514048044,-824447.5614879285,-823986.6308877796,-835997.4784767545,-830579.9301405118,5247.109001108022,97
0.007048749923706054,0.00725992497681213,0.0,0.0,1e-05,1e-05,False,1e-06,1e-05,"{'alpha_1': 1e-05, 'alpha_2': 1e-05, 'fit_intercept': False, 'lambda_1': 1e-06, 'lambda_2': 1e-05}",-834748.3284461003,-833719.6514031496,-824447.5614884901,-823986.6308885776,-835997.4784746541,-830579.9301401944,5247.109000272762,94
0.0027029037475585936,0.005405807495117186,0.0031377792358398436,0.006275558471679686,1e-05,1e-05,False,1e-06,0.0001,"{'alpha_1': 1e-05, 'alpha_2': 1e-05, 'fit_intercept': False, 'lambda_1': 1e-06, 'lambda_2': 0.0001}",-834748.3284541739,-833719.6513866009,-824447.5614941058,-823986.6308965588,-835997.4784536506,-830579.930137018,5247.108991919492,91
0.0035748958587646486,0.003945600659860911,0.0,0.0,1e-05,1e-05,False,1e-05,1e-06,"{'alpha_1': 1e-05, 'alpha_2': 1e-05, 'fit_intercept': False, 'lambda_1': 1e-05, 'lambda_2': 1e-06}",-834748.3190403974,-833719.6672325687,-824447.5550656067,-823986.6214829886,-835997.4979624692,-830579.9321568061,5247.117289447676,124
0.006848669052124024,0.008387872983604031,0.0027029037475585936,0.005405807495117187,1e-05,1e-05,False,1e-05,1e-05,"{'alpha_1': 1e-05, 'alpha_2': 1e-05, 'fit_intercept': False, 'lambda_1': 1e-05, 'lambda_2': 1e-05}",-834748.3190412048,-833719.6672309138,-824447.5550661684,-823986.6214837866,-835997.4979603688,-830579.9321564884,5247.1172886123,121
0.006255006790161133,0.0076608564042459325,0.002071857452392578,0.004143714904785156,1e-05,1e-05,False,1e-05,0.0001,"{'alpha_1': 1e-05, 'alpha_2': 1e-05, 'fit_intercept': False, 'lambda_1': 1e-05, 'lambda_2': 0.0001}",-834748.3190492783,-833719.6672143651,-824447.5550717842,-823986.6214917679,-835997.497939365,-830579.9321533121,5247.117280258935,119
0.0008092880249023438,0.0016185760498046875,0.00110321044921875,0.0022064208984375,1e-05,1e-05,False,0.0001,1e-06,"{'alpha_1': 1e-05, 'alpha_2': 1e-05, 'fit_intercept': False, 'lambda_1': 0.0001, 'lambda_2': 1e-06}",-834748.2249924724,-833719.8255118273,-824447.490843316,-823986.5274356408,-835997.6928218125,-830579.9523210138,5247.200174312318,151
0.005607318878173828,0.006874922151998551,0.0005188465118408203,0.0010376930236816405,1e-05,1e-05,False,0.0001,1e-05,"{'alpha_1': 1e-05, 'alpha_2': 1e-05, 'fit_intercept': False, 'lambda_1': 0.0001, 'lambda_2': 1e-05}",-834748.22499328,-833719.8255101723,-824447.4908438775,-823986.5274364388,-835997.6928197119,-830579.9523206961,5247.200173476966,148
0.002071857452392578,0.004143714904785156,0.006255006790161133,0.0076608564042459325,1e-05,1e-05,False,0.0001,0.0001,"{'alpha_1': 1e-05, 'alpha_2': 1e-05, 'fit_intercept': False, 'lambda_1': 0.0001, 'lambda_2': 0.0001}",-834748.2250013537,-833719.8254936223,-824447.4908494937,-823986.5274444203,-835997.6927987068,-830579.9523175193,5247.200165122907,145
0.005041074752807617,0.005734772445963707,0.0,0.0,1e-05,0.0001,True,1e-06,1e-06,"{'alpha_1': 1e-05, 'alpha_2': 0.0001, 'fit_intercept': True, 'lambda_1': 1e-06, 'lambda_2': 1e-06}",-1670.660881948583,-1566.8163645678503,-1778.6122224853787,-1432.782810835939,-1534.1987879946707,-1596.6142135664845,118.51625207020729,17
0.00577392578125,0.007095499000953952,0.0,0.0,1e-05,0.0001,True,1e-06,1e-05,"{'alpha_1': 1e-05, 'alpha_2': 0.0001, 'fit_intercept': True, 'lambda_1': 1e-06, 'lambda_2': 1e-05}",-1670.6608819488517,-1566.8163645677964,-1778.6122224852425,-1432.782810835989,-1534.198787994537,-1596.6142135664834,118.516252070202,15
0.006255006790161133,0.0076608564042459325,0.0031750679016113283,0.004179387133499114,1e-05,0.0001,True,1e-06,0.0001,"{'alpha_1': 1e-05, 'alpha_2': 0.0001, 'fit_intercept': True, 'lambda_1': 1e-06, 'lambda_2': 0.0001}",-1670.660881951528,-1566.8163645672578,-1778.6122224838841,-1432.7828108364754,-1534.198787993193,-1596.6142135664677,118.5162520701534,12
0.00388031005859375,0.005947588674624226,0.002004671096801758,0.004009342193603516,1e-05,0.0001,True,1e-05,1e-06,"{'alpha_1': 1e-05, 'alpha_2': 0.0001, 'fit_intercept': True, 'lambda_1': 1e-05, 'lambda_2': 1e-06}",-1670.6608787785754,-1566.8163651953682,-1778.6122240610264,-1432.7828102661765,-1534.1987895540797,-1596.6142135710454,118.51625211973868,45
0.005696821212768555,0.006221607053766672,0.0,0.0,1e-05,0.0001,True,1e-05,1e-05,"{'alpha_1': 1e-05, 'alpha_2': 0.0001, 'fit_intercept': True, 'lambda_1': 1e-05, 'lambda_2': 1e-05}",-1670.6608787788427,-1566.816365195315,-1778.612224060889,-1432.7828102662259,-1534.1987895539453,-1596.6142135710436,118.51625211973311,40
0.003117227554321289,0.006234455108642577,0.0,0.0,1e-05,0.0001,True,1e-05,0.0001,"{'alpha_1': 1e-05, 'alpha_2': 0.0001, 'fit_intercept': True, 'lambda_1': 1e-05, 'lambda_2': 0.0001}",-1670.660878781519,-1566.8163651947757,-1778.6122240595316,-1432.7828102667122,-1534.1987895526017,-1596.6142135710281,118.5162521196848,39
0.009547281265258788,0.006359027389869937,0.0,0.0,1e-05,0.0001,True,0.0001,1e-06,"{'alpha_1': 1e-05, 'alpha_2': 0.0001, 'fit_intercept': True, 'lambda_1': 0.0001, 'lambda_2': 1e-06}",-1670.6608470785025,-1566.8163714705538,-1778.6122398175019,-1432.7828045685494,-1534.198805148175,-1596.6142136166566,118.51625261505376,72
0.0,0.0,0.004095745086669922,0.0038744596490293682,1e-05,0.0001,True,0.0001,1e-05,"{'alpha_1': 1e-05, 'alpha_2': 0.0001, 'fit_intercept': True, 'lambda_1': 0.0001, 'lambda_2': 1e-05}",-1670.66084707877,-1566.8163714704992,-1778.612239817366,-1432.7828045685978,-1534.1988051480396,-1596.6142136166543,118.51625261504907,69
0.003937864303588867,0.006058705135635198,0.002412891387939453,0.004825782775878906,1e-05,0.0001,True,0.0001,0.0001,"{'alpha_1': 1e-05, 'alpha_2': 0.0001, 'fit_intercept': True, 'lambda_1': 0.0001, 'lambda_2': 0.0001}",-1670.660847081446,-1566.81637146996,-1778.6122398160078,-1432.7828045690844,-1534.1988051466965,-1596.6142136166388,118.51625261500038,66
0.004320001602172852,0.0033938618532643513,0.0029253482818603514,0.003971662228465001,1e-05,0.0001,False,1e-06,1e-06,"{'alpha_1': 1e-05, 'alpha_2': 0.0001, 'fit_intercept': False, 'lambda_1': 1e-06, 'lambda_2': 1e-06}",-834748.3284452922,-833719.6514048061,-824447.5614879278,-823986.6308877786,-835997.4784767566,-830579.9301405123,5247.1090011089655,99
0.002796459197998047,0.003529690312802365,0.003329610824584961,0.004230649807206209,1e-05,0.0001,False,1e-06,1e-05,"{'alpha_1': 1e-05, 'alpha_2': 0.0001, 'fit_intercept': False, 'lambda_1': 1e-06, 'lambda_2': 1e-05}",-834748.3284460995,-833719.6514031512,-824447.5614884893,-823986.6308885766,-835997.4784746562,-830579.9301401946,5247.109000273685,96
0.005129718780517578,0.005430529790091976,0.004417562484741211,0.005448751873147719,1e-05,0.0001,False,1e-06,0.0001,"{'alpha_1': 1e-05, 'alpha_2': 0.0001, 'fit_intercept': False, 'lambda_1': 1e-06, 'lambda_2': 0.0001}",-834748.3284541729,-833719.6513866025,-824447.5614941051,-823986.6308965578,-835997.4784536525,-830579.9301370182,5247.1089919203205,93
0.006271886825561524,0.004025224158246109,0.0,0.0,1e-05,0.0001,False,1e-05,1e-06,"{'alpha_1': 1e-05, 'alpha_2': 0.0001, 'fit_intercept': False, 'lambda_1': 1e-05, 'lambda_2': 1e-06}",-834748.3190403965,-833719.6672325702,-824447.555065606,-823986.6214829878,-835997.4979624712,-830579.9321568063,5247.117289448485,126
0.006061172485351563,0.004949184098134667,0.0022708892822265623,0.003617728214813163,1e-05,0.0001,False,1e-05,1e-05,"{'alpha_1': 1e-05, 'alpha_2': 0.0001, 'fit_intercept': False, 'lambda_1': 1e-05, 'lambda_2': 1e-05}",-834748.3190412038,-833719.6672309155,-824447.5550661677,-823986.6214837857,-835997.4979603707,-830579.9321564886,5247.117288613168,123
0.013596105575561523,0.01112719887562576,0.0,0.0,1e-05,0.0001,False,1e-05,0.0001,"{'alpha_1': 1e-05, 'alpha_2': 0.0001, 'fit_intercept': False, 'lambda_1': 1e-05, 'lambda_2': 0.0001}",-834748.3190492772,-833719.6672143667,-824447.5550717836,-823986.6214917669,-835997.4979393668,-830579.9321533123,5247.1172802597475,120
0.006263065338134766,0.005127440727678093,0.0023690223693847655,0.003616223619688853,1e-05,0.0001,False,0.0001,1e-06,"{'alpha_1': 1e-05, 'alpha_2': 0.0001, 'fit_intercept': False, 'lambda_1': 0.0001, 'lambda_2': 1e-06}",-834748.2249924716,-833719.825511829,-824447.4908433153,-823986.5274356396,-835997.6928218143,-830579.9523210139,5247.200174313238,153
0.00404653549194336,0.0037931254284004927,0.0,0.0,1e-05,0.0001,False,0.0001,1e-05,"{'alpha_1': 1e-05, 'alpha_2': 0.0001, 'fit_intercept': False, 'lambda_1': 0.0001, 'lambda_2': 1e-05}",-834748.2249932792,-833719.825510174,-824447.4908438768,-823986.5274364378,-835997.6928197138,-830579.9523206962,5247.20017347788,150
0.01176900863647461,0.006563368064573005,0.002025318145751953,0.004050636291503906,1e-05,0.0001,False,0.0001,0.0001,"{'alpha_1': 1e-05, 'alpha_2': 0.0001, 'fit_intercept': False, 'lambda_1': 0.0001, 'lambda_2': 0.0001}",-834748.2250013528,-833719.8254936242,-824447.490849493,-823986.5274444192,-835997.6927987087,-830579.9523175195,5247.2001651238115,147
0.0022230625152587892,0.0044461250305175785,0.0020235061645507814,0.002494957712567683,0.0001,1e-06,True,1e-06,1e-06,"{'alpha_1': 0.0001, 'alpha_2': 1e-06, 'fit_intercept': True, 'lambda_1': 1e-06, 'lambda_2': 1e-06}",-1670.6608822574926,-1566.8163645067013,-1778.6122223318343,-1432.7828108913682,-1534.198787842961,-1596.6142135660716,118.51625206537936,7
0.002134084701538086,0.004027322669108766,0.005892276763916016,0.004818433700720381,0.0001,1e-06,True,1e-06,1e-05,"{'alpha_1': 0.0001, 'alpha_2': 1e-06, 'fit_intercept': True, 'lambda_1': 1e-06, 'lambda_2': 1e-05}",-1670.6608822577596,-1566.816364506648,-1778.6122223316988,-1432.7828108914177,-1534.1987878428265,-1596.6142135660702,118.51625206537426,4
0.0022217273712158204,0.004443454742431641,0.0018064022064208985,0.003612804412841797,0.0001,1e-06,True,1e-06,0.0001,"{'alpha_1': 0.0001, 'alpha_2': 1e-06, 'fit_intercept': True, 'lambda_1': 1e-06, 'lambda_2': 0.0001}",-1670.6608822604362,-1566.8163645061084,-1778.6122223303391,-1432.782810891904,-1534.1987878414814,-1596.6142135660536,118.51625206532547,1
0.0020392417907714845,0.002498016999197538,0.004038810729980469,0.004946513557759418,0.0001,1e-06,True,1e-05,1e-06,"{'alpha_1': 0.0001, 'alpha_2': 1e-06, 'fit_intercept': True, 'lambda_1': 1e-05, 'lambda_2': 1e-06}",-1670.6608790874855,-1566.81636513422,-1778.612223907481,-1432.7828103216061,-1534.1987894023698,-1596.6142135706325,118.51625211491033,34
0.002906608581542969,0.002414642028308192,0.004067802429199218,0.008135604858398437,0.0001,1e-06,True,1e-05,1e-05,"{'alpha_1': 0.0001, 'alpha_2': 1e-06, 'fit_intercept': True, 'lambda_1': 1e-05, 'lambda_2': 1e-05}",-1670.660879087754,-1566.8163651341667,-1778.6122239073454,-1432.782810321655,-1534.1987894022354,-1596.6142135706316,118.51625211490558,32
0.0076275825500488285,0.006446555038297608,0.002016305923461914,0.0033295189792247027,0.0001,1e-06,True,1e-05,0.0001,"{'alpha_1': 0.0001, 'alpha_2': 1e-06, 'fit_intercept': True, 'lambda_1': 1e-05, 'lambda_2': 0.0001}",-1670.660879090428,-1566.8163651336274,-1778.6122239059873,-1432.7828103221411,-1534.1987894008905,-1596.614213570615,118.51625211485697,28
0.0,0.0,0.0009206771850585937,0.0018413543701171875,0.0001,1e-06,True,0.0001,1e-06,"{'alpha_1': 0.0001, 'alpha_2': 1e-06, 'fit_intercept': True, 'lambda_1': 0.0001, 'lambda_2': 1e-06}",-1670.6608473874198,-1566.8163714094019,-1778.6122396639526,-1432.7828046239795,-1534.19880499646,-1596.6142136162428,118.51625261022572,61
0.0047609806060791016,0.004901881781531731,0.0038711071014404298,0.004746064114341651,0.0001,1e-06,True,0.0001,1e-05,"{'alpha_1': 0.0001, 'alpha_2': 1e-06, 'fit_intercept': True, 'lambda_1': 0.0001, 'lambda_2': 1e-05}",-1670.660847387688,-1566.8163714093478,-1778.6122396638182,-1432.7828046240288,-1534.1988049963245,-1596.6142136162414,118.51625261022129,58
0.00404653549194336,0.0037931254284004927,0.0,0.0,0.0001,1e-06,True,0.0001,0.0001,"{'alpha_1': 0.0001, 'alpha_2': 1e-06, 'fit_intercept': True, 'lambda_1': 0.0001, 'lambda_2': 0.0001}",-1670.6608473903643,-1566.8163714088091,-1778.6122396624583,-1432.7828046245152,-1534.198804994981,-1596.6142136162257,118.51625261017219,55
0.006670665740966797,0.003957070747636401,0.0018064022064208985,0.0036128044128417966,0.0001,1e-06,False,1e-06,1e-06,"{'alpha_1': 0.0001, 'alpha_2': 1e-06, 'fit_intercept': False, 'lambda_1': 1e-06, 'lambda_2': 1e-06}",-834748.3292554036,-833719.650074148,-824447.5620391654,-823986.6316956792,-835997.4768477313,-830579.9299824254,5247.108302306154,88
0.005243444442749023,0.004532971439601858,0.0049533843994140625,0.008011358336698094,0.0001,1e-06,False,1e-06,1e-05,"{'alpha_1': 0.0001, 'alpha_2': 1e-06, 'fit_intercept': False, 'lambda_1': 1e-06, 'lambda_2': 1e-05}",-834748.3292562112,-833719.650072493,-824447.562039727,-823986.6316964773,-835997.4768456309,-830579.9299821078,5247.10830147084,85
0.004386043548583985,0.005400167948558035,0.002016305923461914,0.0033295189792247027,0.0001,1e-06,False,1e-06,0.0001,"{'alpha_1': 0.0001, 'alpha_2': 1e-06, 'fit_intercept': False, 'lambda_1': 1e-06, 'lambda_2': 0.0001}",-834748.3292642846,-833719.6500559443,-824447.562045343,-823986.6317044585,-835997.4768246271,-830579.9299789316,5247.108293117451,82
0.004582548141479492,0.003354626255470117,0.0,0.0,0.0001,1e-06,False,1e-05,1e-06,"{'alpha_1': 0.0001, 'alpha_2': 1e-06, 'fit_intercept': False, 'lambda_1': 1e-05, 'lambda_2': 1e-06}",-834748.3198505089,-833719.6659019057,-824447.555616844,-823986.6222908898,-835997.4963334377,-830579.9319987172,5247.116590641366,115
0.008130121231079101,0.00410454055290539,0.0005019664764404297,0.0010039329528808594,0.0001,1e-06,False,1e-05,1e-05,"{'alpha_1': 0.0001, 'alpha_2': 1e-06, 'fit_intercept': False, 'lambda_1': 1e-05, 'lambda_2': 1e-05}",-834748.3198513163,-833719.6659002509,-824447.5556174057,-823986.6222916878,-835997.4963313373,-830579.9319983997,5247.116589806034,113
0.00626826286315918,0.004018892041536198,0.0018064022064208985,0.003612804412841797,0.0001,1e-06,False,1e-05,0.0001,"{'alpha_1': 0.0001, 'alpha_2': 1e-06, 'fit_intercept': False, 'lambda_1': 1e-05, 'lambda_2': 0.0001}",-834748.3198593898,-833719.6658837021,-824447.5556230214,-823986.6222996691,-835997.4963103335,-830579.9319952233,5247.116581452657,110
0.006467437744140625,0.003744299055521907,0.0,0.0,0.0001,1e-06,False,0.0001,1e-06,"{'alpha_1': 0.0001, 'alpha_2': 1e-06, 'fit_intercept': False, 'lambda_1': 0.0001, 'lambda_2': 1e-06}",-834748.2258025919,-833719.8241811004,-824447.4913945551,-823986.528243557,-835997.6911926995,-830579.9521629008,5247.1994754629795,143
0.004889869689941406,0.004564794232263356,0.003288459777832031,0.002707956279324713,0.0001,1e-06,False,0.0001,1e-05,"{'alpha_1': 0.0001, 'alpha_2': 1e-06, 'fit_intercept': False, 'lambda_1': 0.0001, 'lambda_2': 1e-05}",-834748.2258033993,-833719.8241794453,-824447.4913951167,-823986.5282443552,-835997.691190599,-830579.9521625831,5247.199474627559,139
0.010133886337280273,0.006447223601386143,0.00035266876220703126,0.0007053375244140625,0.0001,1e-06,False,0.0001,0.0001,"{'alpha_1': 0.0001, 'alpha_2': 1e-06, 'fit_intercept': False, 'lambda_1': 0.0001, 'lambda_2': 0.0001}",-834748.2258114731,-833719.8241628954,-824447.4914007327,-823986.5282523367,-835997.6911695937,-830579.9521594063,5247.199466273513,136
0.003274869918823242,0.002524283669180239,0.002021026611328125,0.00404205322265625,0.0001,1e-05,True,1e-06,1e-06,"{'alpha_1': 0.0001, 'alpha_2': 1e-05, 'fit_intercept': True, 'lambda_1': 1e-06, 'lambda_2': 1e-06}",-1670.6608822574724,-1566.8163645067052,-1778.6122223318448,-1432.782810891366,-1534.19878784297,-1596.6142135660716,118.51625206537955,7
0.0082244873046875,0.005712404415319905,0.001308584213256836,0.002617168426513672,0.0001,1e-05,True,1e-06,1e-05,"{'alpha_1': 0.0001, 'alpha_2': 1e-05, 'fit_intercept': True, 'lambda_1': 1e-06, 'lambda_2': 1e-05}",-1670.66088225774,-1566.816364506652,-1778.6122223317088,-1432.7828108914143,-1534.1987878428356,-1596.6142135660702,118.51625206537466,4
0.007171201705932617,0.0054463809107129875,0.00020804405212402344,0.0004160881042480469,0.0001,1e-05,True,1e-06,0.0001,"{'alpha_1': 0.0001, 'alpha_2': 1e-05, 'fit_intercept': True, 'lambda_1': 1e-06, 'lambda_2': 0.0001}",-1670.6608822604176,-1566.8163645061118,-1778.61222233035,-1432.7828108919011,-1534.198787841492,-1596.6142135660546,118.51625206532601,2
0.001102781295776367,0.002205562591552734,0.004038810729980469,0.004946513557759418,0.0001,1e-05,True,1e-05,1e-06,"{'alpha_1': 0.0001, 'alpha_2': 1e-05, 'fit_intercept': True, 'lambda_1': 1e-05, 'lambda_2': 1e-06}",-1670.6608790874654,-1566.8163651342236,-1778.612223907491,-1432.7828103216032,-1534.1987894023791,-1596.6142135706327,118.51625211491056,36
0.004206705093383789,0.003846132741516253,0.00406494140625,0.004978721654947943,0.0001,1e-05,True,1e-05,1e-05,"{'alpha_1': 0.0001, 'alpha_2': 1e-05, 'fit_intercept': True, 'lambda_1': 1e-05, 'lambda_2': 1e-05}",-1670.6608790877342,-1566.81636513417,-1778.6122239073552,-1432.7828103216511,-1534.198789402245,-1596.614213570631,118.51625211490601,31
0.002671337127685547,0.004621539294868457,0.0017143726348876954,0.003428745269775391,0.0001,1e-05,True,1e-05,0.0001,"{'alpha_1': 0.0001, 'alpha_2': 1e-05, 'fit_intercept': True, 'lambda_1': 1e-05, 'lambda_2': 0.0001}",-1670.6608790904108,-1566.816365133631,-1778.6122239059978,-1432.7828103221382,-1534.1987894009017,-1596.614213570616,118.51625211485751,30
0.009087419509887696,0.005143723309956804,0.0009359359741210937,0.0011649365662839547,0.0001,1e-05,True,0.0001,1e-06,"{'alpha_1': 0.0001, 'alpha_2': 1e-05, 'fit_intercept': True, 'lambda_1': 0.0001, 'lambda_2': 1e-06}",-1670.6608473874007,-1566.8163714094053,-1778.6122396639626,-1432.782804623977,-1534.1988049964684,-1596.614213616243,118.51625261022603,62
0.0048005104064941405,0.004161142129136358,0.0038315773010253905,0.003945069471888216,0.0001,1e-05,True,0.0001,1e-05,"{'alpha_1': 0.0001, 'alpha_2': 1e-05, 'fit_intercept': True, 'lambda_1': 0.0001, 'lambda_2': 1e-05}",-1670.6608473876688,-1566.816371409352,-1778.6122396638264,-1432.782804624026,-1534.1988049963343,-1596.6142136162416,118.51625261022093,59
0.002021169662475586,0.004042339324951172,0.0020253658294677734,0.0024968999253878106,0.0001,1e-05,True,0.0001,0.0001,"{'alpha_1': 0.0001, 'alpha_2': 1e-05, 'fit_intercept': True, 'lambda_1': 0.0001, 'lambda_2': 0.0001}",-1670.660847390344,-1566.8163714088134,-1778.612239662469,-1432.7828046245115,-1534.1988049949907,-1596.6142136162257,118.5162526101727,55
0.005220460891723633,0.004722944667606119,0.0032566070556640627,0.004407919333593268,0.0001,1e-05,False,1e-06,1e-06,"{'alpha_1': 0.0001, 'alpha_2': 1e-05, 'fit_intercept': False, 'lambda_1': 1e-06, 'lambda_2': 1e-06}",-834748.3292554036,-833719.6500741481,-824447.5620391654,-823986.6316956789,-835997.4768477315,-830579.9299824254,5247.108302306274,88
0.006124067306518555,0.0037669799217702918,0.0020467758178710936,0.004093551635742187,0.0001,1e-05,False,1e-06,1e-05,"{'alpha_1': 0.0001, 'alpha_2': 1e-05, 'fit_intercept': False, 'lambda_1': 1e-06, 'lambda_2': 1e-05}",-834748.3292562112,-833719.6500724932,-824447.562039727,-823986.6316964772,-835997.4768456311,-830579.9299821078,5247.108301470945,85
0.0049364566802978516,0.004235424779911458,0.0011240005493164062,0.0016035629781219842,0.0001,1e-05,False,1e-06,0.0001,"{'alpha_1': 0.0001, 'alpha_2': 1e-05, 'fit_intercept': False, 'lambda_1': 1e-06, 'lambda_2': 0.0001}",-834748.3292642846,-833719.6500559446,-824447.5620453429,-823986.6317044584,-835997.4768246275,-830579.9299789316,5247.108293117606,82
0.004914569854736328,0.0039209799227857296,0.0036896705627441407,0.004309866519168603,0.0001,1e-05,False,1e-05,1e-06,"{'alpha_1': 0.0001, 'alpha_2': 1e-05, 'fit_intercept': False, 'lambda_1': 1e-05, 'lambda_2': 1e-06}",-834748.3198505088,-833719.6659019059,-824447.5556168439,-823986.6222908897,-835997.496333438,-830579.9319987172,5247.116590641465,115
0.004126882553100586,0.0036635142775671655,1.778602600097656e-05,3.557205200195312e-05,0.0001,1e-05,False,1e-05,1e-05,"{'alpha_1': 0.0001, 'alpha_2': 1e-05, 'fit_intercept': False, 'lambda_1': 1e-05, 'lambda_2': 1e-05}",-834748.3198513162,-833719.665900251,-824447.5556174056,-823986.6222916878,-835997.4963313375,-830579.9319983996,5247.1165898061045,112
0.006456756591796875,0.006288904670036679,0.00202031135559082,0.00404062271118164,0.0001,1e-05,False,1e-05,0.0001,"{'alpha_1': 0.0001, 'alpha_2': 1e-05, 'fit_intercept': False, 'lambda_1': 1e-05, 'lambda_2': 0.0001}",-834748.3198593898,-833719.6658837022,-824447.5556230214,-823986.622299669,-835997.4963103337,-830579.9319952232,5247.116581452748,109
0.004049921035766601,0.004960599728566377,0.002099895477294922,0.002547845050291574,0.0001,1e-05,False,0.0001,1e-06,"{'alpha_1': 0.0001, 'alpha_2': 1e-05, 'fit_intercept': False, 'lambda_1': 0.0001, 'lambda_2': 1e-06}",-834748.2258025919,-833719.8241811005,-824447.491394555,-823986.5282435569,-835997.6911926996,-830579.9521629007,5247.199475463074,142
0.005243110656738281,0.0045326144140182606,0.0011240005493164062,0.0016035629781219842,0.0001,1e-05,False,0.0001,1e-05,"{'alpha_1': 0.0001, 'alpha_2': 1e-05, 'fit_intercept': False, 'lambda_1': 0.0001, 'lambda_2': 1e-05}",-834748.2258033993,-833719.8241794457,-824447.4913951166,-823986.528244355,-835997.6911905991,-830579.9521625831,5247.199474627725,139
0.0025720596313476562,0.003428995746356825,0.0069983482360839845,0.003854102854474634,0.0001,1e-05,False,0.0001,0.0001,"{'alpha_1': 0.0001, 'alpha_2': 1e-05, 'fit_intercept': False, 'lambda_1': 0.0001, 'lambda_2': 0.0001}",-834748.2258114729,-833719.8241628957,-824447.4914007325,-823986.5282523364,-835997.691169594,-830579.9521594064,5247.199466273638,137
0.005311203002929687,0.004271296552173753,0.0010558605194091798,0.0021117210388183595,0.0001,0.0001,True,1e-06,1e-06,"{'alpha_1': 0.0001, 'alpha_2': 0.0001, 'fit_intercept': True, 'lambda_1': 1e-06, 'lambda_2': 1e-06}",-1670.6608822572734,-1566.8163645067439,-1778.6122223319444,-1432.782810891332,-1534.1987878430662,-1596.6142135660718,118.51625206538255,9
0.006074428558349609,0.002145992495048745,0.0002707004547119141,0.0005414009094238282,0.0001,0.0001,True,1e-06,1e-05,"{'alpha_1': 0.0001, 'alpha_2': 0.0001, 'fit_intercept': True, 'lambda_1': 1e-06, 'lambda_2': 1e-05}",-1670.6608822575415,-1566.8163645066898,-1778.6122223318096,-1432.782810891379,-1534.1987878429313,-1596.6142135660702,118.51625206537857,4
0.005452394485473633,0.004941057470399588,0.0010043621063232423,0.002008724212646484,0.0001,0.0001,True,1e-06,0.0001,"{'alpha_1': 0.0001, 'alpha_2': 0.0001, 'fit_intercept': True, 'lambda_1': 1e-06, 'lambda_2': 0.0001}",-1670.660882260218,-1566.816364506152,-1778.6122223304499,-1432.782810891868,-1534.1987878415873,-1596.614213566055,118.51625206532883,3
0.00612335205078125,0.0037662242122777118,0.0,0.0,0.0001,0.0001,True,1e-05,1e-06,"{'alpha_1': 0.0001, 'alpha_2': 0.0001, 'fit_intercept': True, 'lambda_1': 1e-05, 'lambda_2': 1e-06}",-1670.6608790872672,-1566.816365134262,-1778.6122239075905,-1432.7828103215686,-1534.1987894024744,-1596.6142135706325,118.51625211491397,34
0.007209968566894531,0.004436081517071236,0.00120391845703125,0.0024078369140625,0.0001,0.0001,True,1e-05,1e-05,"{'alpha_1': 0.0001, 'alpha_2': 0.0001, 'fit_intercept': True, 'lambda_1': 1e-05, 'lambda_2': 1e-05}",-1670.6608790875357,-1566.8163651342081,-1778.6122239074552,-1432.7828103216173,-1534.198789402341,-1596.6142135706316,118.51625211490928,32
0.0038806915283203123,0.003481565490406834,0.0020336627960205076,0.004067325592041015,0.0001,0.0001,True,1e-05,0.0001,"{'alpha_1': 0.0001, 'alpha_2': 0.0001, 'fit_intercept': True, 'lambda_1': 1e-05, 'lambda_2': 0.0001}",-1670.6608790902108,-1566.8163651336702,-1778.6122239060974,-1432.7828103221034,-1534.198789400996,-1596.6142135706154,118.51625211486082,29
0.007335805892944336,0.005227132850386575,0.002687549591064453,0.0027064920334685812,0.0001,0.0001,True,0.0001,1e-06,"{'alpha_1': 0.0001, 'alpha_2': 0.0001, 'fit_intercept': True, 'lambda_1': 0.0001, 'lambda_2': 1e-06}",-1670.6608473872009,-1566.8163714094453,-1778.6122396640637,-1432.7828046239429,-1534.1988049965637,-1596.6142136162434,118.5162526102295,63
0.005485153198242188,0.002777179356460969,0.0009812355041503907,0.0008652716898017976,0.0001,0.0001,True,0.0001,1e-05,"{'alpha_1': 0.0001, 'alpha_2': 0.0001, 'fit_intercept': True, 'lambda_1': 0.0001, 'lambda_2': 1e-05}",-1670.660847387468,-1566.8163714093912,-1778.6122396639275,-1432.7828046239913,-1534.198804996431,-1596.6142136162418,118.51625261022438,60
0.0020392417907714845,0.002498016999197538,0.004038810729980469,0.004946513557759418,0.0001,0.0001,True,0.0001,0.0001,"{'alpha_1': 0.0001, 'alpha_2': 0.0001, 'fit_intercept': True, 'lambda_1': 0.0001, 'lambda_2': 0.0001}",-1670.6608473901458,-1566.8163714088512,-1778.612239662569,-1432.782804624478,-1534.1988049950864,-1596.6142136162264,118.51625261017591,57
0.0064448356628417965,0.0038243072834510195,0.0008220672607421875,0.001644134521484375,0.0001,0.0001,False,1e-06,1e-06,"{'alpha_1': 0.0001, 'alpha_2': 0.0001, 'fit_intercept': False, 'lambda_1': 1e-06, 'lambda_2': 1e-06}",-834748.3292554029,-833719.6500741496,-824447.5620391646,-823986.6316956781,-835997.4768477334,-830579.9299824258,5247.108302307123,90
0.0037325382232666015,0.004596573482355806,0.001812124252319336,0.002928379753855249,0.0001,0.0001,False,1e-06,1e-05,"{'alpha_1': 0.0001, 'alpha_2': 0.0001, 'fit_intercept': False, 'lambda_1': 1e-06, 'lambda_2': 1e-05}",-834748.32925621,-833719.6500724948,-824447.5620397263,-823986.6316964761,-835997.4768456331,-830579.9299821081,5247.108301471776,87
0.006026124954223633,0.0035819586744012797,0.0034876346588134767,0.004330751840776654,0.0001,0.0001,False,1e-06,0.0001,"{'alpha_1': 0.0001, 'alpha_2': 0.0001, 'fit_intercept': False, 'lambda_1': 1e-06, 'lambda_2': 0.0001}",-834748.3292642835,-833719.6500559462,-824447.5620453423,-823986.6317044573,-835997.4768246294,-830579.9299789317,5247.108293118419,84
0.005018711090087891,0.004945476216010444,0.0013095855712890625,0.0020119122097162346,0.0001,0.0001,False,1e-05,1e-06,"{'alpha_1': 0.0001, 'alpha_2': 0.0001, 'fit_intercept': False, 'lambda_1': 1e-05, 'lambda_2': 1e-06}",-834748.3198505079,-833719.6659019075,-824447.5556168432,-823986.6222908887,-835997.4963334398,-830579.9319987174,5247.116590642325,117
0.003501129150390625,0.0007147607584732089,0.0008249282836914062,0.0006887325880481148,0.0001,0.0001,False,1e-05,1e-05,"{'alpha_1': 0.0001, 'alpha_2': 0.0001, 'fit_intercept': False, 'lambda_1': 1e-05, 'lambda_2': 1e-05}",-834748.3198513152,-833719.6659002526,-824447.5556174048,-823986.6222916867,-835997.4963313395,-830579.9319983998,5247.116589807015,114
0.003541421890258789,0.00415641785626387,0.004094457626342774,0.004717509761921195,0.0001,0.0001,False,1e-05,0.0001,"{'alpha_1': 0.0001, 'alpha_2': 0.0001, 'fit_intercept': False, 'lambda_1': 1e-05, 'lambda_2': 0.0001}",-834748.3198593889,-833719.6658837039,-824447.5556230207,-823986.622299668,-835997.4963103357,-830579.9319952234,5247.116581453601,111
0.00404505729675293,0.0034146430135606792,0.0017470836639404297,0.00349416732788086,0.0001,0.0001,False,0.0001,1e-06,"{'alpha_1': 0.0001, 'alpha_2': 0.0001, 'fit_intercept': False, 'lambda_1': 0.0001, 'lambda_2': 1e-06}",-834748.2258025908,-833719.8241811021,-824447.4913945544,-823986.5282435558,-835997.6911927016,-830579.9521629008,5247.19947546391,143
0.0064545154571533205,0.005321029126723246,0.002419710159301758,0.003912010563503151,0.0001,0.0001,False,0.0001,1e-05,"{'alpha_1': 0.0001, 'alpha_2': 0.0001, 'fit_intercept': False, 'lambda_1': 0.0001, 'lambda_2': 1e-05}",-834748.2258033983,-833719.8241794471,-824447.4913951159,-823986.5282443541,-835997.6911906012,-830579.9521625834,5247.199474628555,141
0.004263162612915039,0.0034841657311159347,0.0030426979064941406,0.0025654210784587937,0.0001,0.0001,False,0.0001,0.0001,"{'alpha_1': 0.0001, 'alpha_2': 0.0001, 'fit_intercept': False, 'lambda_1': 0.0001, 'lambda_2': 0.0001}",-834748.2258114719,-833719.8241628973,-824447.4914007318,-823986.5282523354,-835997.6911695962,-830579.9521594065,5247.199466274568,138
